도면 번호 제목	파일명	파일크기	파일수	일련 번호	작성일	변경일	
C-00-001~004 00.도면표지 및 목록표(2023년)	00. 도면표지 및 목록표.pdf	608987	1		2023-12-14 20:06:55	2024-04-16 8:41:18
C-01-001~006 01. 토공(2023년)	01. 토공.pdf	913819	1		2023-12-14 20:10:48	2024-04-16 8:39:27	
C-02-001~070 02. 우수공(2023년)	02. 우수공.pdf	10824756	1		2023-12-14 20:13:24	2024-04-16 8:41:07
C-03-001~011 03. 오수공(2023년)	03. 오수공.pdf	1862535	1		2023-12-14 20:15:13	2024-04-16 8:40:56	
C-04-001~022 04. 급수공(2023년)	04. 급수공.pdf	3019150	1		2023-12-14 20:17:01	2024-04-16 8:40:45	
C-05-001~037 05. 포장공(2023년)	05. 포장공.pdf	5701887	1		2023-12-14 20:18:52	2024-04-16 8:40:27
C-06-001~032 06. 구조물공(2023년)	06. 구조물공.pdf	4694612	1		2023-12-14 20:20:26	2024-04-16 8:40:16
C-07-001~028 07. 부대공(2023년)	07. 부대공.pdf	6075747	1		2023-12-14 20:22:33	2024-04-16 8:40:04
C-08-001~022 08. 울타리공(2023년)	08. 울타리공.pdf	5156745	1		2023-12-20 16:07:50	2024-04-16 8:41:30
C-08-001~022 24년 표준상세도(울타리공) 부분 개정	신구조문 대비표(울타리공).pdf	610863	1		2024-04-30 8:32:14	2024-04-30 8:32:14
C-09-001~007 09. 심정공(2023년)	09. 심정공.pdf	1152762	1		2023-12-14 20:47:26	2024-04-16 8:39:51
C-10-001~002 10. 조경공(2023년)	10. 조경공.pdf	1045050	1		2023-12-14 20:48:43	2024-04-16 8:39:38
CD-00-001 도면목록표-1	CD-00-001 도면목록표-1.dwg|CD-00-001 도면목록표-1.pdf	654924	2	1	2016-04-28 9:26:27	2016-04-28 9:26:27
CD-00-002 도면목록표-2	CD-00-002 도면목록표-2.pdf|CD-00-002 도면목록표-2.dwg	693092	2	2	2016-04-28 9:28:07	2016-04-28 9:28:07
CD-00-003 도면목록표-3	CD-00-003 도면목록표-3.dwg|CD-00-003 도면목록표-3.pdf	694624	2	3	2016-04-28 9:29:07	2016-04-28 9:29:07
CD-00-004 도면목록표-4	CD-00-004 도면목록표-4.pdf|CD-00-004 도면목록표-4.dwg	668511	2	4	2016-04-28 9:29:58	2016-04-28 9:29:58 
CD-00-005 도면목록표-5	CD-00-005 도면목록표-5.dwg|CD-00-005 도면목록표-5.pdf	642043	2	5	2016-04-28 9:31:24	2016-04-28 9:31:24
CD-00-006 도면목록표-6	CD-00-006 도면목록표-6.pdf|CD-00-006 도면목록표-6.dwg	646596	2	6	2016-04-28 9:33:02	2016-04-28 9:33:02
CD-00-007 사격장 피탄지 표준상세도	영점사격장 피탄지 표준상세도.pdf	1171562	1		2021-08-20 16:02:43	2021-08-20 16:04:43
CD-01-002 비탈면 녹화(리핑암)	cd-01-002 비탈면 녹화(리핑암).dwg|CD-01-002 비탈면 녹화(리핑암).pdf	423513	2	8	2013-03-18 11:23:25	2013-03-18 11:23:25
CD-01-003 비탈면 녹화(발파암)	cd-01-003 비탈면 녹화(발파암).dwg|CD-01-003 비탈면 녹화(발파암).pdf	426892	2	9	2013-03-18 11:26:02	2013-03-18 11:26:01
CD-01-004 비탈면 점검로(전면부)	cd-01-004 비탈면 점검로(전면부).dwg|CD-01-004 비탈면 점검로(전면부).pdf	341655	2	10	2013-03-18 11:27:02	2013-03-18 11:27:02
CD-01-005 비탈면 점검로(측면부)	cd-01-005 비탈면 점검로(측면부).dwg|CD-01-005 비탈면 점검로(측면부).pdf	506124	2	11	2013-03-18 11:28:15	2013-03-18 11:28:14
"CD-01-006 씨앗부착네트/거적설치	cd-01-006 씨앗부착네트,거적설치.dwg|CD-01-006 씨앗부착네트,거적설치.pdf	324392	2	12	2013-03-18 11:29:20	2013-03-18 11:29:20"
CD-02-001 원심력 철근콘크리트관(고무링접합)	cd-02-001 원심력 철근콘크리트관(고무링접합).dwg|CD-02-001 원심력 철근콘크리트관(고무링접합).pdf	530200	2	13	2013-03-18 13:13:10	2013-03-18 13:13:09
CD-02-002 원심력 철근콘크리트관(수밀팩접합)	cd-02-002 원심력 철근콘크리트관(수밀팩접합).dwg|CD-02-002 원심력 철근콘크리트관(수밀팩접합).pdf	620010	2	14	2013-03-18 13:14:31	2013-03-18 13:14:31
CD-02-003 원심력 철근콘크리트관(PE수밀벨트접합)	cd-02-003 원심력 철근콘크리트관( pe수밀벨트접합).dwg|CD-02-003 원심력 철근콘크리트관( PE수밀벨트접합).pdf	430887	2	15	2013-03-18 13:16:37	2013-03-18 13:16:36
CD-02-004 진동 및 롤전압 철근콘크리트관(고무링접합)	cd-02-004 진동 및 롤전압 철근콘크리트관(고무링접합).dwg|CD-02-004 진동 및 롤전압 철근콘크리트관(고무링접합).pdf	632679	2	16	2013-03-18 14:07:13	2013-03-18 14:07:12
CD-02-005 우수연결관 접속(본관천공+PVC접속구)	cd-02-005 우수연결관 접속(본관천공_pvc접속구).dwg|CD-02-005 우수연결관 접속(본관천공_PVC접속구).pdf	891600	2	17	2013-03-18 14:08:35	2013-03-18 14:08:34
CD-02-006 우수연결관 접속((본관천공+보호콘크리트)	cd-02-006 우수연결관 접속(본관천공_보호콘크리트).dwg|CD-02-006 우수연결관 접속(본관천공_보호콘크리트).pdf	440527	2	18	2013-03-18 14:09:07	2013-03-18 14:09:07
CD-02-007 우·오수 강성관 콘크리트기초(90°)	cd-02-007 우&middot;오수 강성관 콘크리트 기초(90&deg;).dwg|CD-02-007 우&middot;오수 강성관 콘크리트 기초(90&deg;).pdf	770896	2	19	2013-03-18 14:09:41	2013-03-18 14:09:40
CD-02-008 우·오수 강성관 콘크리트기초(120°)	cd-02-008 우&middot;오수 강성관 콘크리트 기초(120&deg;).dwg|CD-02-008 우&middot;오수 강성관 콘크리트 기초(120&deg;).pdf	852161	2	20	2013-03-18 14:10:07	2013-03-18 14:10:07
CD-02-009 우·오수 강성관 콘크리트기초(180°)	cd-02-009 우&middot;오수 강성관 콘크리트 기초(180&deg;).dwg|CD-02-009 우&middot;오수 강성관 콘크리트 기초(180&deg;).pdf	804719	2	21	2013-03-18 14:10:41	2013-03-18 14:10:41
CD-02-010 우·오수 강선관 모래기초	cd-02-010 우&middot;오수 강성관 모래기초.dwg|CD-02-010 우&middot;오수 강성관 모래기초).pdf	430995	2	22	2013-03-18 14:11:18	2013-03-18 14:11:18
CD-02-011 우·오수 연성관 모래기초(90°)	cd-02-011 우&middot;오수 연성관 모래기초(90&deg;).dwg|CD-02-011 우&middot;오수 연성관 모래기초(90&deg;).pdf	522695	2	23	2013-03-18 14:11:53	2013-03-18 14:11:52
CD-02-012 우·오수 연성관 모래기초(120°)	cd-02-012 우&middot;오수 연성관 모래기초(120&deg;).dwg|CD-02-012 우&middot;오수 연성관 모래기초(120&deg;).pdf	520394	2	24	2013-03-18 14:12:46	2013-03-18 14:12:45
CD-02-013 우·오수 연성관 모래기초(180°)	cd-02-013 우&middot;오수 연성관 모래기초(360&deg;).dwg|CD-02-013 우&middot;오수 연성관 모래기초(360&deg;).pdf	755514	2	25	2013-03-18 14:13:15	2013-03-18 14:13:14
"CD-02-014 원형맨홀, PE거푸집(슬래브식, D900)	cd-02-014 원형맨홀, pe거푸집(슬래브식, d900).dwg|CD-02-014 원형맨홀, PE거푸집(슬래브식, D900).pdf	747787	2	26	2013-03-18 14:13:41	2013-03-18 14:13:40"
"CD-02-015 원형맨홀, PE거푸집(슬래브식, D1200)	cd-02-015 원형맨홀, pe거푸집(슬래브식, d1200).dwg|CD-02-015 원형맨홀, PE거푸집(슬래브식, D1200).pdf	896462	2	27	2013-03-18 14:14:34	2013-03-18 14:14:33 "
"CD-02-016 원형맨홀, PE거푸집(슬래브식, D1500)	cd-02-016 원형맨홀, pe거푸집(슬래브식, d1500).dwg|CD-02-016 원형맨홀, PE거푸집(슬래브식, D1500).pdf	859133	2	28	2013-03-18 14:15:10	2013-03-18 14:15:10"
"CD-02-017 원형맨홀, PE거푸집(슬래브식, D1800)	cd-02-017 원형맨홀, pe거푸집(슬래브식, d1800).dwg|CD-02-017 원형맨홀, PE거푸집(슬래브식, D1800).pdf	837409	2	29	2013-03-18 14:15:40	2013-03-18 14:15:40"
"CD-02-018 원형맨홀, 강재거푸집(슬래브식, D900)	cd-02-018 원형맨홀, 강재거푸집(슬래브식, d900).dwg|CD-02-018 원형맨홀, 강재거푸집(슬래브식, D900).pdf	779286	2	30	2013-03-18 14:16:16	2013-03-18 14:16:15"
"CD-02-019 원형맨홀, 강재거푸집(슬래브식, D1200)	cd-02-019 원형맨홀, 강재거푸집(슬래브식, d1200).dwg|CD-02-019 원형맨홀, 강재거푸집(슬래브식, D1200).pdf	920102	2	31	2013-03-18 14:16:53	2013-03-18 14:16:52"
"CD-02-020 원형맨홀, 강재거푸집(슬래브식, D1500)	cd-02-020 원형맨홀, 강재거푸집(슬래브식, d1500).dwg|CD-02-020 원형맨홀, 강재거푸집(슬래브식, D1500).pdf	857919	2	32	2013-03-18 14:17:35	2013-03-18 14:17:35"
"CD-02-021 원형맨홀, 강재거푸집(슬래브식, D1800)	cd-02-021 원형맨홀, 강재거푸집(슬래브식, d1800).dwg|CD-02-021 원형맨홀, 강재거푸집(슬래브식, D1800).pdf	861490	2	33	2013-03-18 14:18:08	2013-03-18 14:18:07"
"CD-02-022 각형맨홀 슬래브식 일반도(1.2X1.2 H=1.2~H=2.5m)	cd-02-022 각형맨홀 슬래브식 일반도(1.2X1.2, H 1.2_2.5m).dwg|CD-02-022 각형맨홀 슬래브식 일반도(1.2X1.2, H 1.2_2.5m).pdf	624353	2	34	2013-03-18 14:21:40	2013-03-18 14:21:39"
"CD-02-023 각형맨홀 슬래브식 배근도(1)(1.2X1.2 H=1.2~H=2.5m)	cd-02-023 각형맨홀 슬래브식 배근도(1),(1.2x1.2, h 1.2_2.5m).dwg|CD-02-023 각형맨홀 슬래브식 배근도(1),(1.2X1.2, H 1.2_2.5m).pdf	412812	2	35	2013-03-18 14:23:16	2013-03-18 14:23:15"
"CD-02-024 각형맨홀 슬래브식 배근도(2)(1.2X1.2 H=1.2~H=2.5m)	cd-02-024 각형맨홀 슬래브식 배근도(2),(1.2x1.2, h 1.2_2.5m).dwg|CD-02-024 각형맨홀 슬래브식 배근도(2),(1.2X1.2, H 1.2_2.5m).pdf	535894	2	36	2013-03-18 14:25:11	2013-03-18 14:25:10	"
"CD-02-025 각형맨홀 슬래브식 일반도(1.5X1.2 H=1.2~H=2.5m)	cd-02-025 각형맨홀 슬래브식 일반도(1.5x1.2, h 1.2_2.5m).dwg|CD-02-025 각형맨홀 슬래브식 일반도(1.5X1.2, H 1.2_2.5m).pdf	613392	2	37	2013-03-18 14:26:06	2013-03-18 14:26:05"
"CD-02-026 각형맨홀 슬래브식 배근도(1),(1.5X1.2 H=1.2~H=2.5m)	cd-02-026 각형맨홀 슬래브식 배근도(1),(1.5x1.2, h 1.2_2.5m).dwg|CD-02-026 각형맨홀 슬래브식 배근도(1),(1.5X1.2, H 1.2_2.5m).pdf	416149	2	38	2013-03-18 14:27:44	2013-03-18 14:27:43"
"CD-02-027 각형맨홀 슬래브식 배근도(2),(1.5X1.2 H=1.2~H=2.5m)	cd-02-027 각형맨홀 슬래브식 배근도(2),(1.5x1.2, h 1.2_2.5m).dwg|CD-02-027 각형맨홀 슬래브식 배근도(2),(1.5X1.2, H 1.2_2.5m).pdf	544025	2	39	2013-03-18 14:28:16	2013-03-18 14:28:15"
"CD-02-028 각형맨홀 슬래브식 일반도 (1.8X1.2 H=1.2~H=2.5m)        cd-02-028 각형맨홀 슬래브식 일반도(1.8x1.2, h 1.2_2.5m).dwg|CD-02-028 각형맨홀 슬래브식 일반도(1.8X1.2, H 1.2_2.5m).pdf        623022        2        40        2013-03-18 14:28:52        2013-03-18 14:28:52"
"CD-02-029 각형맨홀 슬래브식 배근도(1),(1.8X1.2 H=1.2~H=2.5m)	cd-02-029 각형맨홀 슬래브식 배근도(1),(1.8x1.2, h 1.2_2.5m).dwg|CD-02-029 각형맨홀 슬래브식 배근도(1),(1.8X1.2, H 1.2_2.5m).pdf	433262	2	41	2013-03-18 14:29:25	2013-03-18 14:29:25"
"CD-02-030 각형맨홀 슬래브식 배근도(2),(1.8X1.2 H=1.2~H=2.5m)	cd-02-030 각형맨홀 슬래브식 배근도(2),(1.8x1.2, h 1.2_2.5m).dwg|CD-02-030 각형맨홀 슬래브식 배근도(2),(1.8X1.2, H 1.2_2.5m).pdf	551730	2	42	2013-03-18 14:30:10	2013-03-18 14:30:10"
"CD-02-031 각형맨홀 조절형 일반도(1.2X1.2 H=30~H=4.0m)	cd-02-031 각형맨홀 조절형 일반도(1.2x1.2, h 3.0_4.0m).dwg|CD-02-031 각형맨홀 조절형 일반도(1.2X1.2, H 3.0_4.0m).pdf	576390	2	43	2013-03-18 14:33:21	2013-03-18 14:33:20"
"CD-02-032 각형맨홀 조절형 배근도(1.2X1.2 H=30~H=4.0m)	cd-02-032 각형맨홀 조절형 배근도(1.2x1.2, h 3.0_4.0m).dwg|CD-02-032 각형맨홀 조절형 배근도(1.2X1.2, H 3.0_4.0m).pdf	576252	2	44	2013-03-18 14:33:55	2013-03-18 14:33:54"
"CD-02-033 각형맨홀 조절형 일반도(1.5X1.2 H=30~H=4.0m)	cd-02-033 각형맨홀 조절형 일반도(1.5x1.2, h 3.0_4.0m).dwg|CD-02-033 각형맨홀 조절형 일반도(1.5X1.2, H 3.0_4.0m).pdf	586182	2	45	2013-03-18 14:34:39	2013-03-18 14:34:38	"
"CD-02-034 각형맨홀 조절형 배근도(1.5X1.2 H=30~H=4.0m)	cd-02-034 각형맨홀 조절형 배근도(1.5x1.2, h 3.0_4.0m).dwg|CD-02-034 각형맨홀 조절형 배근도(1.5X1.2, H 3.0_04.0m).pdf	584705	2	46	2013-03-18 14:35:17	2013-03-18 14:35:16"
"CD-02-035 각형맨홀 조절형 일반도(1.8X1.2 H=30~H=4.0m)	cd-02-035 각형맨홀 조절형 일반도(1.8x1.2, h 3.0_4.0m).dwg|CD-02-035 각형맨홀 조절형 일반도(1.8X1.2, H 3.0_4.0m).pdf	568230	2	47	2013-03-18 14:37:10	2013-03-18 14:37:09"
"CD-02-036 각형맨홀 조절형 배근도(1.8X1.2 H=30~H=4.0m)	cd-02-036 각형맨홀 조절형 배근도(1.8x1.2, h 3.0_4.0m).dwg|CD-02-036 각형맨홀 조절형 배근도(1.8X1.2, H 3.0_4.0m).pdf	581136	2	48	2013-03-18 14:39:34	2013-03-18 14:39:34	"
"CD-02-037 각형맨홀 일반도(1.2X1.2 H=4.5~H=7.0m)	cd-02-037 각형맨홀 일반도(1.2x1.2, h 4.5_7.0m).dwg|CD-02-037 각형맨홀 일반도(1.2X1.2, H 4.5_7.0m).pdf	619359	2	49	2013-03-18 14:40:11	2013-03-18 14:40:11"
"CD-02-038 각형맨홀 배근도(1.2X1.2 H=4.5~H=7.0m)	cd-02-038 각형맨홀 배근도(1.2x1.2, h 4.5_7.0m).dwg|CD-02-038 각형맨홀 배근도(1.2X1.2, H 4.5_7.0m).pdf	531051	2	50	2013-03-18 14:41:00	2013-03-18 14:41:00"
"CD-02-039 각형맨홀 철근집계표(1)(1.2X1.2 H=4.5~H=5.0m)	cd-02-039 각형맨홀 철근집계표(1),(1.2x1.2, h 4.5_5.0m).dwg|CD-02-039 각형맨홀 철근집계표(1),(1.2X1.2, H 4.5_5.0m).pdf	511839	2	51	2013-03-18 14:41:34	2013-03-18 14:41:33"
"CD-02-040 각형맨홀 철근집계표(2)(1.2X1.2 H=5.5~H=5.0m)	cd-02-040 각형맨홀 철근집계표(2),(1.2x1.2, h 5.5_6.0m).dwg|CD-02-040 각형맨홀 철근집계표(2),(1.2X1.2, H 5.5_6.0m).pdf	509945	2	52	2013-03-18 14:42:21	2013-03-18 14:42:21"
"CD-02-041 각형맨홀 철근집계표(3)(1.2X1.2 H=6.5~H=5.0m)	cd-02-041 각형맨홀 철근집계표(3),(1.2x1.2, h 6.5_7.0m).dwg|CD-02-041 각형맨홀 철근집계표(3),(1.2X1.2, H 6.5_7.0m).pdf	560139	2	53	2013-03-18 14:47:04	2013-03-18 14:47:04"
"CD-02-042 각형맨홀 철근집계표(3)(1.2X1.2 H=6.5~H=5.0m)	cd-02-041 각형맨홀 철근집계표(3),(1.2x1.2, h 6.5_7.0m).dwg|CD-02-041 각형맨홀 철근집계표(3),(1.2X1.2, H 6.5_7.0m).pdf	560139	2	53	2013-03-18 14:47:04	2013-03-18 14:47:04"
"CD-02-043 각형맨홀 배근도(1.8X1.2 H=4.5~H=7.0m)	cd-02-043 각형맨홀 배근도(1.5x1.2, h  4.5_7.0m).dwg|CD-02-043 각형맨홀 배근도(1.5X1.2, H 4.5_7.0m).pdf	630985	2	55	2013-03-18 14:49:12	2013-03-18 14:49:11"
"CD-02-044 각형맨홀 철근집계표(1), (1.5X1.2 H=4.5~H=5.0m)	cd-02-044 각형맨홀 철근집계표(1),(1.5x1.2, h 4.5_5.0m).dwg|CD-02-044 각형맨홀 철근집계표(1),(1.5X1.2, H 4.5_5.0m).pdf	534298	2	56	2013-03-18 14:50:08	2013-03-18 14:50:08"
"CD-02-045 각형맨홀 철근집계표(2), (1.5X1.2 H=5.5~H=6.0m)	cd-02-045 각형맨홀 철근집계표(2),(1.5x1.2, h 5.5_6.0m).dwg|CD-02-045 각형맨홀 철근집계표(2),(1.5X1.2, H 5.5_6.0m).pdf	527988	2	57	2013-03-18 14:51:21	2013-03-18 14:51:20"
"CD-02-046 각형맨홀 철근집계표(3), (1.5X1.2 H=6.5~H=7.0m)	cd-02-046 각형맨홀 철근집계표(3),(1.5x1.2, h 6.5_7.0m).dwg|CD-02-046 각형맨홀 철근집계표(3),(1.5X1.2, H 6.5_7.0m).pdf	571346	2	58	2013-03-18 14:52:02	2013-03-18 14:52:02"
"CD-02-047 각형맨홀 일반도 (1.8X1.2 H=4.5~H=7.0m)	cd-02-047 각형맨홀 일반도(1.8x1.2, h 4.5_7.0m).dwg|CD-02-047 각형맨홀 일반도(1.8X1.2, H 4.5_7.0m).pdf	610033	2	59	2013-03-18 14:53:14	2013-03-18 14:53:13"
"CD-02-048 각형맨홀 배근도 (1.8X1.2 H=4.5~H=7.0m)	cd-02-048 각형맨홀 배근도(1.8x1.2, h 4.5_7.0m).dwg|CD-02-048 각형맨홀 배근도(1.8X1.2, H 4.5_7.0m).pdf	612664	2	60	2013-03-18 14:53:49	2013-03-18 14:53:49"
"CD-02-049 각형맨홀 철근집계표(1), (1.8X1.2 H=4.5~H=5.0m)	cd-02-049 각형맨홀 철근집계표(1),(1.8x1.2, h 4.5_5.0m).dwg|CD-02-049 각형맨홀 철근집계표(1),(1.8X1.2, H 4.5_5.0m).pdf	529532	2	61	2013-03-18 14:54:55	2013-03-18 14:54:55"
"CD-02-050 각형맨홀 철근집계표(2), (1.8X1.2 H=5.5~H=6.0m)	cd-02-050 각형맨홀 철근집계표(2),(1.8x1.2, h 5.5_6.0m).dwg|CD-02-050 각형맨홀 철근집계표(2),(1.8X1.2, H 5.5_6.0m).pdf	536322	2	62	2013-03-18 14:56:25	2013-03-18 14:56:24"
"CD-02-051 각형맨홀 철근집계표(3), (1.8X1.2 H=6.5~H=7.0m)	cd-02-051 각형맨홀 철근집계표(3),(1.8x1.2, h 6.5_7.0m).dwg|CD-02-051 각형맨홀 철근집계표(3),(1.8X1.2, H 6.5_7.0m).pdf	588146	2	63	2013-03-18 15:01:05	2013-03-18 15:01:05	"
"CD-02-052 각형맨홀 일반도 (1.5X1.5 H=4.5~H=7.0m)	cd-02-052 각형맨홀 일반도(1.5x1.5, h 4.5_7.0m).dwg|CD-02-052 각형맨홀 일반도(1.5X1.5, H 4.5_7.0m).pdf	605622	2	64	2013-03-18 15:02:34	2013-03-18 15:02:34"
"CD-02-053 각형맨홀 배근도 (1.5X1.5 H=4.5~H=7.0m)	cd-02-053 각형맨홀 배근도(1.5x1.5, h 4.5_7.0m).dwg|CD-02-053 각형맨홀 배근도(1.5X1.5, H 4.5_7.0m).pdf	576513	2	65	2013-03-18 15:06:15	2013-03-18 15:06:14"
"CD-02-054 각형맨홀 철근집계표(1), (1.5X1.5 H=4.5~H=5.0m)	cd-02-054 각형맨홀 철근집계표(1),(1.5x1.5, h 4.5_5.0m).dwg|CD-02-054 각형맨홀 철근집계표(1),(1.5X1.5, H 4.5_5.0m).pdf	536479	2	66	2013-03-18 15:07:45	2013-03-18 15:07:44"
"CD-02-055 각형맨홀 철근집계표(2), (1.5X1.5 H=5.5~H=6.0m)	cd-02-055 각형맨홀 철근집계표(2),(1.5x1.5, h 5.5_6.0m).dwg|CD-02-055 각형맨홀 철근집계표(2),(1.5X1.5, H 5.5_6.0m).pdf	526224	2	67	2013-03-18 15:08:29	2013-03-18 15:08:28"
"CD-02-056 각형맨홀 철근집계표(3), (1.5X1.5 H=6.5~H=7.0m)	cd-02-056 각형맨홀 철근집계표(3),(1.5x1.5, h 6.5_7.0m).dwg|CD-02-056 각형맨홀 철근집계표(3),(1.5X1.5, H 6.5_7.0m).pdf	568958	2	68	2013-03-18 15:09:24	2013-03-18 15:09:24"
"CD-02-057 각형맨홀 일반도(1.5X1.8 H=4.5~H=7.0m)	cd-02-057 각형맨홀 일반도(1.5x1.8, h 4.5_7.0m).dwg|CD-02-057 각형맨홀 일반도(1.5X1.8, H 4.5_7.0m).pdf	622691	2	69	2013-03-18 15:10:28	2013-03-18 15:10:27"
"CD-02-058 각형맨홀 배근도(1.5X1.8 H=4.5~H=7.0m)	cd-02-058 각형맨홀 배근도(1.5x1.8, h 4.5_7.0m).dwg|CD-02-058 각형맨홀 배근도(1.5X1.8, H 4.5_7.0m).pdf	657412	2	70	2013-03-18 15:11:48	2013-03-18 15:11:48"
"CD-02-059 각형맨홀 철근집계표(1),(1.5X1.8H=4.5~H=5.0m)	cd-02-059 각형맨홀 철근집계표(1),(1.5x1.8, h 4.5_5.0m).dwg|CD-02-059 각형맨홀 철근집계표(1),(1.5X1.8, H 4.5_5.0m).pdf	537600	2	71	2013-03-18 15:12:37	2013-03-18 15:12:36"
"CD-02-060 각형맨홀 철근집계표(2),(1.5X1.8H=5.5~H=6.0m)	cd-02-060 각형맨홀 철근집계표(2),(1.5x1.8, h 5.5_6.0m).dwg|CD-02-060 각형맨홀 철근집계표(2),(1.5X1.8, H 5.5_6.0m).pdf	539092	2	72	2013-03-18 15:13:17	2013-03-18 15:13:16"
CD-02-061 암거맨홀	cd-02-061 암거맨홀.dwg|CD-02-061 암거맨홀.pdf	623201	2	73	2013-03-18 15:14:17	2013-03-18 15:14:17
CD-02-062 PE 원형맨홀거푸집        cd-02-062 pe 원형맨홀 거푸집.dwg|CD-02-062 PE 원형맨홀 거푸집.pdf        417730        2        74        2013-03-18 15:15:04        2013-03-18 15:15:03
CD-02-063 맨홀발 디딤쇠 설치	cd-02-063 맨홀 발 디딤쇠 설치.dwg|CD-02-063 맨홀 발 디딤쇠 설치.pdf	619178	2	75	2013-03-18 15:15:49	2013-03-18 15:15:49
CD-02-064 주철재 맨홀뚜껑	cd-02-064 주철재 맨홀뚜껑.dwg|CD-02-064 주철재 맨홀뚜껑.pdf	504104	2	76	2013-03-18 15:16:30	2013-03-18 15:16:29
CD-02-065 칼라인조식 맨홀뚜껑	cd-02-065 칼라인조석 맨홀뚜껑.dwg|CD-02-065 칼라인조석 맨홀뚜껑.pdf	282511	2	77	2013-03-18 15:17:23	2013-03-18 15:17:23
CD-02-066 횡단 배수관	cd-02-066 횡단배수관.dwg|CD-02-066 횡단배수관.pdf	506566	2	78	2013-03-18 15:18:48	2013-03-18 15:18:48
CD-02-067 나선형 금속관	cd-02-067 나선형 금속관.dwg|CD-02-067 나선형 금속관.pdf	426884	2	79	2013-03-18 15:19:56	2013-03-18 15:19:55
CD-02-068 PE 피복 파형강관	cd-02-068 pe피복 파형강관.dwg|CD-02-068 PE피복 파형강관.pdf	946316	2	80	2013-03-18 15:20:41	2013-03-18 15:20:40
CD-02-069 PVC이중벽관(1)	cd-02-069 pvc 이중벽관(1).dwg|CD-02-069 PVC 이중벽관(1).pdf	781611	2	81	2013-03-18 15:21:29	2013-03-18 15:21:28
CD-02-070 PVC이중벽관(2)	cd-02-070 pvc 이중벽관(2).dwg|CD-02-070 PVC 이중벽관(2).pdf	745121	2	82	2013-03-18 15:22:09	2013-03-18 15:22:08
CD-02-071 우수관 보호콘크리트	cd-02-071 우수관 보호콘크리트.dwg|CD-02-071 우수관 보호콘크리트.pdf	344741	2	83	2013-03-18 15:22:42	2013-03-18 15:22:41
CD-02-072 철근콘크리트 플륨관	cd-02-072 철근콘크리트 플륨관.dwg|CD-02-072 철근콘크리트 플륨관.pdf	476366	2	84	2013-03-18 15:23:33	2013-03-18 15:23:33	
CD-02-073 철근콘크리트 벤치플륨관(1)	cd-02-073 철근콘크리트 벤치플륨관(1).dwg|CD-02-073 철근콘크리트 벤치플륨관(1).pdf	416432	2	85	2013-03-18 15:24:14	2013-03-18 15:24:14
CD-02-074 철근콘크리트 U형	cd-02-074 철근콘크리트 벤치플륨관(2).dwg|CD-02-074 철근콘크리트 벤치플륨관(2).pdf	589180	2	86	2013-03-18 15:24:52	2013-03-18 15:24:52
CD-02-075 철근콘크리트 U형 규격표	cd-02-075 철근콘크리트 벤치플륨관(3).dwg|CD-02-075 철근콘크리트 벤치플륨관(3).pdf	347436	2	87	2013-03-18 15:25:44	2013-03-18 15:25:44